"GEOID","Med_HH_Inc"
"01001",57982
"01003",61756
"01005",34990
"01007",51721
"01009",48922
"01011",33866
"01013",44850
"01015",50128
"21135",29844
"21137",42231
"21139",52795
"21141",48912
"21143",49286
"21145",47011
"21147",29499
"21151",51649
"21155",43587
"21157",57348
"21161",46241
"21163",61500
"21167",52312
"21169",40391
"21173",46998
"21175",37399
"21179",63032
"21181",47665
"21185",103761
"21187",50553
"21191",56000
"21195",34700
"21197",41071
"21201",53074
"21203",38744
"21207",41731
"21209",71750
"21213",50159
"21215",85488
"21219",47229
"21223",57589
"21225",49812
"21229",55321
"21231",37678
"21235",39258
"21237",22292
"23001",55002
"23003",43791
"23007",51630
"23009",58345
"23013",57794
"23015",58125
"23019",52128
"23021",42083
"23025",45382
"23029",44847
"23031",68932
"27003",84379
"27005",60508
"27007",50525
"27009",60564
"27011",55909
"27013",61058
"27015",59804
"27017",66201
"27019",104011
"27021",53845
"27023",57301
"27025",86900
"47121",50733
"47125",60878
"47127",63762
"47131",39985
"47133",36478
"47137",43125
"47139",45326
"47143",46096
"47145",55578
"47149",68718
"47151",37135
"47153",44217
"47157",52092
"47159",48611
"47163",47438
"47165",69878
"47169",56981
"47171",44526
"47175",47576
"47177",42668
"47181",42206
"47183",41488
"47187",111196
"47189",78962
"49003",63573
"49005",60530
"49009",74911
"49011",87570
"49015",57772
"49017",44279
"49019",56639
"49021",52045
"49023",68333
"49025",49486
"49027",63221
"49029",100408
"49031",29125
"49033",63917
"49035",77128
"49037",49690
"49039",55820
"49041",55361
"49043",106973
"49045",76737
"49047",59428
"49049",77057
"49051",85807
"49053",61747
"49055",49299
"49057",71275
"50003",58200
"50005",52481
"50009",47035
"50011",65314
"50015",64179
"50017",62737
"50021",57176
"50023",64862
"50027",61503
"51001",46178
"27165",53304
"29037",72522
"29043",64442
"29049",62213
"29055",44380
"29061",52143
"29067",43714
"29073",56380
"29079",46885
"29085",33342
"29091",39482
"29097",49155
"29101",56440
"29107",62076
"29113",70424
"29119",42876
"29125",48276
"29131",47964
"29137",43422
"29143",40129
"29149",32766
"29155",34709
"29203",36229
"29209",51476
"29215",35758
"29221",42849
"29227",47500
"29510",45782
"12005",56483
"12011",60922
"12017",45689
"12023",44818
"12031",56769
"12037",48814
"12043",39709
"12049",40165
"12055",43708
"12061",57945
"12067",51734
"12073",54675
"12077",39121
"12083",46587
"12087",72012
"12093",46097
"31005",48500
"31011",60094
"31017",41979
"31023",59232
"27159",46178
"31029",56135
"31035",63686
"31039",59202
"31045",49379
"31051",57243
"31057",49211
"31063",59250
"31069",42076
"31075",43625
"31081",68649
"01019",42509
"01021",52141
"01023",36634
"01025",37345
"01027",42678
"01029",46320
"01031",56799
"01033",47962
"01035",35444
"01037",43571
"01041",42611
"01043",48388
"01047",33317
"01049",42267
"01053",35558
"01055",44934
"01059",41174
"01063",26688
"01065",30793
"01069",49069
"01071",42578
"01075",42688
"01077",48428
"01081",52930
"01085",33634
"01087",35450
"01091",33029
"01093",40978
"01097",49625
"01099",31969
"01103",52923
"01107",40362
"01109",39218
"01113",42208
"01115",62531
"01119",26150
"01123",48160
"01125",54283
"01129",42331
"01131",35063
"06001",104888
"06003",85750
"06007",54972
"06011",59427
"06013",103997
"06017",83710
"06019",57109
"01017",43875
"06023",49235
"06025",46222
"06029",54851
"06031",61556
"06035",56971
"06039",61924
"06041",121671
"06043",50960
"06045",52915
"06047",56330
"06049",51250
"27027",66069
"27029",51742
"27031",59537
"27033",51067
"27035",57779
"27037",88468
"27039",79020
"27041",65430
"27043",53963
"27045",64375
"27049",69334
"27051",59246
"27055",59514
"27057",58475
"27061",55744
"27065",57877
"27067",64252
"27071",52297
"27073",57802
"27077",50669
"27079",75925
"27083",57274
"27085",62885
"27089",60951
"27091",53851
"27095",57173
"27097",58826
"27101",62839
"27103",69174
"27107",56081
"27109",80403
"27113",60940
"27115",55606
"27119",58682
"27121",62878
"27125",59698
"27127",57243
"27131",70600
"27133",65744
"27137",57480
"27139",103261
"27143",64170
"27145",65244
"27149",65503
"27151",53457
"27155",51216
"27157",67906
"27161",60450
"27163",97584
"27167",56829
"27169",60020
"27171",87772
"27173",59289
"29001",42301
"29003",58911
"29005",51625
"29007",44699
"29009",45811
"29011",44510
"51005",48513
"51007",63918
"51011",55457
"51013",122604
"51017",55481
"51019",67136
"51023",72719
"51025",46111
"51029",48603
"51031",52319
"51035",44518
"51036",60096
"51037",40924
"51043",86154
"51045",57792
"51049",50565
"51051",30116
"51057",51125
"51059",127866
"51063",51250
"51065",78885
"51069",80011
"51071",57279
"51075",97146
"51077",41558
"51081",49756
"51083",43714
"51087",72295
"51089",38511
"51093",77870
"51095",91675
"51097",65385
"51099",96711
"51101",73284
"51103",59736
"51105",35006
"51107",147111
"51109",67027
"51111",45884
"51113",63482
"51115",74489
"51117",50224
"51119",57060
"51121",59126
"51125",62203
"51127",97688
"51131",50819
"51133",59437
"51135",49983
"51137",74446
"51139",51878
"51141",46941
"51145",93833
"51147",44253
"51149",75123
"51155",53689
"51157",82077
"51161",70076
"31087",46000
"31093",59432
"31099",62899
"31105",48056
"31111",59995
"31117",51932
"31123",46903
"31127",50236
"31175",56205
"31179",58894
"31185",63105
"32005",71415
"32011",67478
"32017",56537
"32023",47308
"32031",68272
"33001",67328
"33007",48945
"33013",77937
"33019",63760
"22005",82594
"22011",49256
"22017",42003
"22023",56902
"22029",36294
"22035",24551
"22041",35759
"22047",49539
"22053",42716
"22101",40218
"22107",29767
"22111",45094
"22117",39185
"22123",42545
"36003",51227
"36009",50700
"36015",54883
"36021",68750
"36027",81842
"36031",58109
"36037",60635
"36043",58438
"36049",56192
"36055",62087
"36061",89812
"36067",62668
"36073",52958
"36079",107246
"36085",85381
"37007",39799
"37013",48051
"37019",59763
"37025",71177
"37031",57871
"37037",69799
"37045",43512
"37051",48177
"37057",50454
"06053",76943
"06055",92219
"06057",68333
"06059",94441
"06061",93677
"06063",57233
"06065",70732
"06067",70684
"06069",85808
"06071",65761
"06073",82426
"06075",119136
"06077",68628
"06079",77948
"06081",128091
"06085",130890
"06087",89986
"06091",52103
"06095",84638
"06097",86173
"06101",63502
"06103",48895
"06107",52534
"06109",60509
"06113",73746
"06115",59424
"05003",43601
"05005",43504
"05009",46392
"05013",50441
"05015",48249
"05019",39500
"05021",37933
"05025",46349
"05027",37609
"05031",49730
"05035",42384
"05037",44379
"05041",31855
"05043",42924
"05047",37561
"05049",35274
"05053",59051
"05057",45484
"05059",46390
"05063",48972
"05065",42818
"06051",64924
"05069",40402
"05071",39346
"05075",40587
"05079",46554
"05081",48966
"05085",59278
"05087",41446
"05091",45391
"05095",38438
"05097",41165
"29013",46733
"29015",41751
"29017",45140
"29019",58740
"29021",51933
"29023",42227
"29025",51451
"29027",59835
"29029",53520
"29031",53776
"29033",51414
"29035",42403
"29039",39408
"29041",51545
"29045",45842
"29047",72047
"29051",61184
"29053",53003
"29057",42117
"29059",40404
"29063",58433
"29065",42714
"29069",38020
"29071",60129
"29075",46774
"29077",47053
"29081",40615
"29083",47500
"29087",46442
"29089",55000
"29093",40082
"29095",56960
"29099",67606
"29103",37588
"29105",46582
"29109",44060
"29111",45118
"29115",51150
"29117",50818
"29121",44696
"29123",47984
"29127",54277
"29129",50030
"29133",34354
"29135",57012
"29139",52123
"29141",41477
"29145",52067
"29147",46303
"29151",62087
"29153",33046
"29157",56861
"29159",49315
"29161",44987
"29163",44920
"29165",82448
"29167",47614
"29169",58426
"29171",48833
"51163",54133
"51167",38564
"51169",41540
"51173",41088
"51175",63034
"51179",112247
"51181",56525
"51185",42207
"51187",70109
"51193",53790
"51195",41285
"51199",93356
"51510",102227
"51530",36634
"51540",59598
"51570",60522
"51580",41024
"51590",37147
"51600",109708
"51610",146922
"51630",69528
"51640",35184
"51660",49117
"51670",43262
"51680",49201
"51683",86227
"51690",36166
"51700",54511
"51720",30518
"51730",43029
"51740",53213
"51750",34576
"51770",45664
"51775",63411
"51790",52292
"51800",79899
"51810",78136
"51820",43480
"51830",59288
"51840",61102
"53001",51601
"53003",53941
"53005",72046
"53007",61304
"53009",55090
"53011",77184
"53013",61779
"53015",58791
"53017",65730
"53019",41685
"53021",66904
"53023",56923
"53025",59165
"53027",50665
"53029",70765
"53033",99158
"53035",78969
"53037",59703
"53041",54970
"37063",62812
"37069",58172
"37075",42207
"37081",54794
"37087",51548
"37095",46667
"37101",61806
"37107",39923
"37113",45703
"37119",69240
"37167",54104
"37173",45554
"37179",82557
"37185",37476
"37191",47221
"37197",46954
"34003",104623
"34009",72385
"34015",89056
"34021",83306
"34027",117298
"34033",64234
"34039",82644
"18003",57104
"18009",44341
"18015",56159
"18021",59398
"18027",53800
"18033",58415
"18039",58509
"18085",62789
"18091",57010
"18097",51219
"18103",50616
"18109",67680
"18115",63649
"18121",55853
"18127",72255
"18133",61505
"18139",56814
"18143",45123
"18149",49705
"18155",51270
"18161",55278
"18167",47261
"18173",79079
"18179",57565
"25001",76863
"25007",77318
"25013",57623
"25019",112306
"39037",54799
"39043",58408
"39049",62352
"39055",83730
"39061",59190
"39067",49454
"39071",47973
"39077",55041
"05099",39946
"05101",39542
"05103",38279
"05105",44926
"05107",33724
"05109",42983
"05111",40700
"05113",39084
"05115",46004
"05117",42754
"05119",52930
"05121",42844
"05123",36053
"05125",66876
"05127",42635
"05129",35077
"05131",47878
"05133",47872
"05135",35573
"05137",36067
"05139",45293
"05143",52380
"05145",44000
"05149",47981
"09003",76259
"09005",81590
"09009",71370
"09011",75831
"09015",67365
"11001",90842
"02016",87443
"02020",84813
"02060",79808
"02063",90776
"02068",76364
"02070",57436
"02100",65014
"02105",59926
"02122",69245
"02130",74678
"02158",37358
"02170",76118
"02180",62843
"02188",63750
"02195",68667
"02220",81708
"02230",71875
"02275",58438
"02282",59517
"02290",41728
"08003",41121
"08007",55658
"08009",34655
"08013",87476
"08014",101206
"08017",67763
"08021",33611
"08023",34732
"29173",54194
"29175",50440
"29177",65303
"29179",39552
"29181",36066
"29183",87644
"29185",39000
"29186",61746
"29187",46307
"29189",68661
"29195",47585
"29197",44420
"29199",47708
"29201",46310
"29205",43809
"29207",42761
"29211",44056
"29213",47860
"29217",43910
"29219",64735
"29223",38018
"29225",55827
"29229",36711
"12001",50089
"12003",62299
"12007",43580
"12009",59359
"12013",38037
"12015",52724
"12019",68657
"12021",70217
"12027",36360
"12029",41674
"12033",53023
"12035",57536
"12039",41135
"12041",47381
"12045",50640
"12047",38300
"12051",36978
"12053",50280
"12057",60566
"12059",39215
"12063",40754
"12065",49081
"12069",55792
"12071",59608
"12075",38951
"12079",35240
"12081",59963
"12085",65821
"12086",53975
"12089",72998
"12091",64373
"12095",61416
"12097",55538
"12099",65015
"12101",53431
"12103",56419
"53043",58584
"53047",48528
"53049",50873
"53053",76438
"53055",64753
"53059",69296
"53061",89273
"53065",54426
"53067",75867
"53071",60615
"53073",65420
"53077",54917
"54001",38906
"54005",45297
"54007",43819
"54011",41472
"54013",38668
"54015",35154
"54019",43722
"54021",42883
"54025",39807
"54027",48528
"54031",46513
"54033",52134
"54037",82551
"54039",47122
"54043",42064
"54045",36250
"54049",52856
"54051",48179
"54055",40716
"54057",51723
"54061",54198
"54063",44828
"54067",40318
"54069",48056
"54071",46358
"54073",55508
"54075",37642
"54077",51992
"54079",63954
"54081",43283
"54083",45206
"54085",44328
"54087",38895
"54089",37769
"54091",52958
"54093",47527
"54095",47598
"54097",40802
"54099",43710
"54101",33358
"54103",44539
"54105",45315
"54107",48711
"54109",44095
"55003",47869
"08027",60361
"08029",47968
"08033",56786
"08035",121393
"08037",85877
"08039",104231
"08041",71517
"08043",52364
"08045",75435
"08047",90547
"08049",71769
"08051",60557
"08053",39038
"08055",40255
"08057",46157
"08059",87793
"08061",39503
"08063",50411
"08065",65858
"08067",69291
"08069",76366
"08071",44159
"08073",47042
"08075",49560
"08077",57157
"08081",54583
"08083",50717
"08087",58468
"08091",68893
"08093",76611
"08097",82455
"08099",42648
"08103",54247
"08105",43570
"08109",45231
"08113",66898
"08115",43875
"08119",61463
"08121",51181
"08125",54393
"10003",75275
"10005",64905
"30003",48273
"30005",45361
"30009",61209
"30011",42300
"30015",45707
"30019",56026
"30021",51681
"30025",69792
"30027",47618
"30031",70124
"30033",43750
"30037",49028
"30041",50912
"30043",71779
"30047",52169
"30049",66062
"30053",39820
"12107",40068
"12109",83803
"12111",55237
"12113",70663
"12115",64644
"12117",70297
"12119",59618
"12121",46280
"12123",38295
"12125",55139
"12127",52407
"12129",67480
"12131",67390
"12133",37260
"31001",56007
"31003",52569
"31007",53864
"31009",55268
"31013",61904
"31015",53846
"31019",63513
"31021",51961
"31025",73683
"31027",64703
"31031",55431
"31033",52270
"31037",64269
"31041",53891
"31043",61227
"31047",56731
"31049",48958
"31053",58439
"31055",66600
"31059",62151
"31061",50231
"31065",53533
"31067",51812
"31071",54659
"31073",65086
"31077",46830
"31079",58595
"31083",51534
"31085",52396
"31089",60214
"31091",48654
"31095",48981
"31097",49382
"31101",52169
"31103",55250
"12105",51535
"31107",53653
"31109",62464
"31113",45990
"31115",46111
"31119",52334
"31121",52254
"31125",53147
"31129",52975
"31131",64755
"55005",52346
"55009",64728
"55011",58364
"55015",76065
"55017",61215
"55021",69262
"55023",51218
"55027",62591
"55029",61765
"55033",59588
"55035",62508
"55039",64147
"55041",48394
"55045",66212
"55047",57339
"55051",45588
"55053",55228
"55057",53928
"55059",66595
"55063",60307
"55065",61070
"55069",59183
"55071",58464
"55075",52385
"55077",53293
"55079",52260
"55081",60595
"55083",64528
"55087",68441
"55089",84394
"55093",73873
"55095",61814
"55099",49749
"55101",62556
"55105",59519
"55107",48961
"55111",62808
"55113",52022
"55115",57322
"55117",62101
"55119",52860
"55121",59606
"55123",54549
"55125",50039
"55127",66034
"55129",51711
"55131",80839
"55133",88985
"55135",60106
"55137",54320
"55139",59947
"55141",55684
"56001",51362
"56003",51237
"56005",80887
"56007",62423
"56009",73806
"56011",66898
"56013",54291
"30055",57045
"30059",46815
"30061",48672
"30065",46328
"30069",40000
"30071",46686
"30075",57755
"30077",50332
"30079",42350
"30081",55090
"30083",64158
"30085",45458
"30087",57769
"30089",42284
"30091",54135
"30093",49359
"30095",67448
"30097",53790
"30099",56649
"30101",49725
"30103",44671
"30105",51087
"30107",35265
"30109",50972
"30111",62630
"13001",37924
"13003",35703
"13005",36692
"13007",34034
"13011",50912
"13013",62990
"13017",32077
"13021",41317
"13023",46992
"13027",37516
"13029",76121
"13033",45699
"13035",48282
"13039",60594
"13045",59197
"13047",58932
"13051",57739
"13053",45700
"13057",84817
"13059",40363
"13063",49460
"13067",80830
"13069",42526
"13073",82251
"13075",40943
"13079",47917
"13081",38272
"13085",72260
"13089",65116
"13091",42211
"13095",40947
"13097",67651
"13101",44454
"13105",39323
"31133",46063
"31135",61389
"31137",58105
"31139",57629
"31141",60878
"31143",59837
"31145",48140
"31147",44524
"31149",51458
"31151",52956
"31153",83051
"31155",70414
"31157",53433
"31159",71111
"31161",45543
"31163",53158
"31165",47422
"31167",64808
"31169",53234
"31171",59000
"31173",55574
"31177",71505
"31181",51684
"31183",48438
"32001",56335
"32003",61048
"32007",79375
"32009",31845
"32013",66123
"32015",73797
"32019",58814
"32021",31500
"32027",57074
"32029",64000
"32033",57353
"32510",58305
"33003",66932
"33005",64686
"33009",67476
"33011",82099
"33015",93962
"33017",72682
"22001",44412
"22003",48328
"22007",44742
"22009",35530
"22013",27815
"22015",55448
"22019",52866
"22021",40690
"22025",40973
"22027",26849
"22031",44436
"22033",56076
"22037",54187
"22039",31427
"22043",51449
"22045",50602
"22049",41760
"56015",55955
"56019",56565
"56021",69369
"56023",71898
"56027",46111
"56029",63684
"56033",59380
"56035",78655
"56039",87053
"56041",72458
"56045",53333
"72001",14253
"72005",16065
"72007",20190
"72011",20167
"72013",19266
"72017",17815
"72019",18924
"72023",17261
"72025",25823
"72027",18571
"72031",29398
"72033",18647
"72037",19092
"72039",17783
"72043",18319
"72045",14297
"72049",25658
"72051",29852
"72054",20221
"72055",12283
"72057",17319
"72061",36073
"72063",35367
"72067",19848
"72069",21802
"72073",16003
"72075",20889
"72079",14439
"72081",16841
"72083",14765
"72085",22848
"72087",17363
"72089",21805
"72091",18885
"72093",15387
"72095",20561
"72097",14761
"72099",16033
"72101",21191
"72103",19224
"72105",18778
"72107",15805
"72109",17138
"72111",17313
"72113",17263
"72115",17425
"13107",38423
"13111",46028
"13113",93777
"13117",112834
"13121",72741
"13123",57376
"13127",56952
"13129",48662
"13133",57880
"13135",72787
"13139",63651
"13143",52021
"13145",79860
"13147",45874
"13149",50583
"13151",71110
"13153",65870
"13155",41484
"13157",68307
"13159",52409
"13161",36987
"13163",37009
"13165",25712
"13167",42421
"13169",63046
"13171",50088
"13173",32158
"13175",39476
"13177",68338
"13179",50411
"13181",42036
"13183",52099
"13187",52872
"13191",56262
"13193",31910
"13197",52450
"13199",40769
"13205",39404
"13209",45230
"13211",68669
"13215",47418
"13217",59178
"13221",52816
"13223",74154
"13227",68365
"13231",68138
"13233",46846
"13237",52910
"13239",34394
"13243",29400
"13247",62505
"13249",49105
"13253",35286
"13255",48970
"13259",34028
"13261",37174
"13265",37717
"13269",28550
"13271",32764
"13275",47133
"22051",54825
"22055",58761
"22057",54530
"22059",51141
"22061",36496
"22063",67365
"22065",32585
"22067",33780
"22069",30625
"22071",43258
"22073",44934
"22075",65234
"22077",44201
"22079",48013
"22081",33817
"22083",40491
"22085",39755
"22087",47873
"22089",68113
"22091",45063
"22093",53209
"22095",55429
"22097",40859
"22099",48884
"22103",70730
"22105",48745
"22109",52224
"22113",52219
"22115",50267
"22119",30324
"22121",67813
"22125",59688
"22127",37764
"36001",68327
"36005",41895
"36007",52237
"36011",57985
"36013",48315
"36017",51756
"36019",59510
"36023",59194
"36025",49945
"36029",59464
"36033",52905
"36035",51663
"36039",56681
"36041",60625
"36045",54726
"36047",63973
"36051",60248
"36053",61176
"36057",50146
"36059",120036
"36063",57252
"36065",59113
"36069",64795
"36071",80816
"36075",59070
"72119",23738
"72121",18290
"72125",16561
"72127",23642
"72129",19385
"72133",20000
"72135",27626
"72139",32611
"72141",15021
"72145",20126
"72147",14040
"72149",19355
"72153",14813
"48001",45847
"48005",49684
"48007",47924
"48011",69386
"48013",59251
"48017",55038
"48019",60361
"48023",40946
"48025",45287
"48029",58288
"48031",70397
"48035",57337
"48039",83325
"48041",50289
"48045",37875
"48047",25058
"48051",60058
"48053",59919
"48057",57170
"48059",51955
"48063",49539
"48065",74246
"48069",49900
"48071",95989
"48075",43564
"48077",63125
"48081",45072
"48083",46948
"48087",41202
"48089",52663
"48091",80781
"48093",54889
"48095",53333
"48097",62733
"48099",54712
"72117",20145
"48101",40250
"48103",54596
"48105",46695
"48107",42470
"48109",34853
"48111",58956
"48113",61870
"48115",40469
"48117",49790
"48119",49868
"39083",61590
"39089",67736
"39095",49946
"39099",47092
"39105",43445
"39111",46241
"39117",61769
"39123",59306
"39129",61629
"13281",51257
"13283",32072
"13287",34514
"13291",49703
"13293",39221
"13297",65491
"13299",37041
"13303",36402
"13307",31629
"13309",28864
"13313",50055
"13315",39216
"13319",36896
"15001",65401
"15003",87722
"15005",76465
"15007",82818
"15009",84363
"16001",69952
"16003",50309
"16005",51977
"16007",52829
"16009",47983
"16011",58260
"16013",64627
"16015",51760
"16017",51594
"16019",61435
"16021",45319
"16023",37404
"16025",36908
"16027",56916
"16029",58099
"16031",52256
"16033",36429
"16037",44757
"16041",59934
"16043",56825
"16047",50057
"16049",44951
"16053",55521
"16057",51312
"16059",38819
"16063",52363
"16065",44419
"16069",57099
"16073",48601
"13277",44827
"16075",52788
"16079",40483
"16081",73274
"16085",63115
"16087",42126
"17003",34709
"17007",70396
"17009",60694
"17013",66602
"17015",52813
"17019",53936
"17023",59481
"36077",56171
"36081",72028
"36083",72510
"36087",94840
"36089",52071
"36091",85224
"36093",66488
"36095",58926
"36097",53291
"36099",54865
"36101",55349
"36103",105362
"36105",60433
"36107",61965
"36109",61361
"36111",65306
"36113",64658
"36115",59613
"36117",62003
"36119",99489
"36121",58746
"36123",55307
"37001",51580
"37003",51329
"37005",37158
"37009",43030
"37011",42695
"37015",35042
"37017",37188
"37021",55032
"37023",43915
"37027",46094
"37029",63834
"37033",47938
"37035",54690
"37039",40793
"37041",44050
"37043",42160
"37047",38487
"37049",53894
"37053",73741
"37055",65420
"37059",62028
"37061",43422
"37065",40489
"37067",53583
"37071",53474
"37073",45871
"37077",56924
"37079",43563
"37083",35904
"37085",54565
"37089",58928
"37091",42588
"37093",51140
"37097",62551
"37099",46820
"48121",90354
"48123",53815
"48125",41141
"48127",25996
"48129",51875
"48131",45349
"48135",63096
"48137",40643
"48141",48292
"48143",55383
"48147",57898
"48149",62872
"48153",52714
"48155",39306
"48159",59632
"48161",52232
"48165",62994
"48169",58938
"48171",61445
"48175",50000
"48177",58210
"48181",58296
"48183",52027
"48187",75774
"48189",47500
"48193",46893
"48195",46507
"48199",61221
"48201",63022
"48205",53722
"48207",48955
"48211",59605
"48213",49469
"48217",55615
"48219",47010
"48223",54600
"48225",40838
"48229",31505
"48231",57467
"48235",53778
"48237",54087
"48241",42756
"48243",NA
"48247",35736
"48249",45857
"48253",52471
"48255",52896
"48257",72179
"48259",98692
"48261",40083
"48263",61706
"48265",57196
"48267",46602
"48269",39286
"48271",39972
"48273",47301
"48275",50719
"48277",48036
"48279",44935
"48281",64808
"48283",47162
"39133",59485
"39139",49186
"39145",41866
"39151",55045
"39157",54451
"39163",45034
"40033",49583
"40039",51351
"40045",48264
"40051",64507
"40057",53087
"40063",38020
"40069",44238
"40075",34747
"40081",51206
"40087",70005
"40093",56781
"40099",53696
"40105",42051
"40109",55519
"40115",40662
"40121",47511
"40127",38325
"40133",38588
"40139",50702
"40145",64958
"40151",51985
"41003",65142
"41049",56572
"41053",65665
"41059",57973
"41065",54725
"41071",67296
"44005",84282
"42001",68411
"42007",59014
"42013",50856
"42019",72642
"42025",57601
"42031",49695
"42037",52219
"42043",63123
"42049",52863
"42055",63420
"42061",53597
"42067",53502
"42073",50080
"42079",53194
"42087",52641
"42129",61398
"45003",53385
"45009",42830
"45015",65443
"45021",37787
"45027",43881
"45035",63501
"45041",49645
"45047",41081
"17025",52167
"17029",46411
"17031",67886
"17035",59271
"17037",62353
"17041",59620
"17045",48543
"17047",53801
"17051",45634
"17053",50582
"17057",52243
"17059",43092
"17063",75767
"17067",55818
"17069",50847
"17073",60000
"17075",54445
"17079",55911
"17081",51662
"17083",67845
"17085",59223
"17087",55363
"17089",83374
"17091",59370
"17093",96854
"17095",44464
"17097",92654
"17099",60069
"17101",53087
"17103",59986
"17105",58676
"17107",58122
"17109",43591
"17111",90014
"17113",68037
"17115",53725
"17117",56264
"17119",64045
"17123",57303
"17125",50883
"17129",77550
"17131",57182
"17135",54886
"17137",53002
"17141",63643
"17145",51616
"17147",73668
"17151",43140
"17153",37308
"17157",55319
"17159",55032
"17163",57473
"17167",61743
"17169",51376
"17173",59134
"17175",53828
"17179",66220
"17181",51655
"17185",48878
"37103",38324
"37105",52294
"37109",59592
"37111",47085
"37115",46190
"37117",39909
"37121",48841
"37123",45147
"37125",63324
"37127",49949
"37129",56689
"37131",38969
"37133",51560
"37135",74803
"37137",48531
"37139",54439
"37141",60044
"37143",51036
"37145",57323
"37147",49337
"37149",52125
"37151",48984
"37153",39051
"37155",35362
"37157",45697
"37159",51054
"37161",43183
"37163",42914
"37165",35936
"37169",51668
"37171",44979
"37175",51509
"37177",38250
"37181",41827
"37183",83567
"37187",30941
"37189",46453
"37193",44980
"37195",44594
"37199",44554
"34001",63680
"34005",90329
"34007",70957
"34011",55709
"34013",63959
"34017",75062
"34019",117858
"34023",91731
"34025",103523
"34029",72679
"34031",73562
"34035",116510
"34037",96222
"34041",83497
"18001",52712
"18005",66978
"18007",52656
"48287",56696
"48289",43392
"48291",50917
"48293",45781
"48295",63182
"48297",50212
"48299",58941
"48303",53425
"48307",48618
"48309",50210
"48313",60499
"48315",39093
"48319",61434
"48321",48733
"48325",62701
"48327",43826
"48331",48253
"48333",50198
"48337",57511
"48339",83274
"48343",43995
"48345",45417
"48349",47574
"48351",40690
"48355",56784
"48357",53431
"48361",63488
"48363",55986
"48367",84189
"48369",58558
"48373",50351
"48375",43652
"48379",52612
"48381",68186
"48385",38659
"48387",37135
"48391",51054
"48393",61964
"48397",105956
"48399",48489
"48403",38917
"48405",41568
"48409",56111
"48411",45169
"48415",50277
"48417",48212
"48421",57130
"48423",59450
"48285",54211
"48425",64394
"48427",30931
"48429",44940
"48431",53194
"48433",58309
"48435",61190
"48437",36337
"48439",70306
"48441",55568
"48443",42823
"48445",44052
"48447",41875
"45053",45924
"45061",32851
"45067",30791
"45073",49691
"45079",54441
"45085",46570
"46003",65132
"46009",50195
"46015",57181
"46061",63750
"46067",61290
"46073",49265
"46081",52146
"46087",66208
"46093",62275
"46099",63699
"46103",58278
"46111",55398
"46119",60508
"46125",63062
"46135",61878
"47003",52973
"47009",60301
"47015",52518
"47021",63988
"47027",32064
"47033",47581
"47039",40389
"47087",35880
"47093",59250
"47099",43734
"47105",61664
"47111",38080
"47117",55299
"47123",45576
"47129",41701
"47135",48716
"47141",45160
"47147",66088
"47155",51734
"47161",49537
"47167",62474
"47173",45143
"47179",48923
"47185",44282
"49001",66705
"49007",50328
"49013",61655
"50001",70262
"50007",76316
"50013",81667
"50019",54390
"50025",54188
"51003",84643
"51009",57368
"51015",65076
"51021",50365
"51027",34302
"17187",54291
"17191",50205
"17195",57172
"17197",90800
"17201",55310
"17203",74777
"19003",52287
"19005",55523
"19009",49245
"19013",54774
"19015",67442
"19019",67252
"19023",56473
"19025",55285
"19029",52005
"19031",69259
"19035",56302
"19037",61239
"19041",51259
"19045",52221
"19047",54849
"19051",67627
"19053",48154
"19057",51784
"19059",60975
"19061",64493
"19063",56708
"19065",49834
"19067",51768
"19069",55630
"19071",59688
"19073",51098
"19075",71760
"19077",62644
"19079",60248
"19081",61957
"19083",54930
"19085",64154
"19087",54490
"19089",56709
"19091",55707
"19093",54219
"19095",62660
"19097",59042
"19101",47401
"19103",63062
"19107",52012
"19111",52072
"19113",67301
"19117",53967
"19119",65959
"19123",56417
"19127",58735
"19129",75137
"19133",51866
"19135",59489
"19139",60435
"19143",61167
"19145",51196
"19149",71147
"19151",53573
"18011",89444
"18013",66833
"18017",49020
"18019",57111
"18023",53750
"18025",41761
"18029",70779
"18031",60794
"18035",45910
"18037",62846
"18041",47465
"18043",67603
"18045",52334
"18047",68180
"18049",50597
"18051",56638
"18053",46900
"18055",51777
"18057",98880
"18059",75647
"18061",59169
"18063",84754
"18065",51104
"18067",56387
"18069",54286
"18071",55097
"18073",61889
"18075",45864
"18077",51981
"18079",61610
"18081",72928
"18083",47394
"18087",69331
"18089",57530
"18093",57740
"18095",51476
"18099",54207
"18101",55378
"18105",52229
"18107",56408
"18111",57866
"18113",58947
"18117",52164
"18119",52204
"18123",51496
"18125",55022
"18129",64983
"18131",49140
"18135",53322
"18137",60055
"18141",54433
"18145",59712
"18147",56919
"18151",58905
"18153",49449
"18157",51926
"18159",68707
"18163",51179
"18165",54361
"18169",56573
"48449",53406
"48451",57670
"48453",80668
"48455",44052
"48457",47865
"48459",54330
"48461",59008
"48463",45936
"48467",57203
"48469",58959
"48473",61752
"48475",61915
"48479",50296
"48481",51770
"48485",49710
"48487",45121
"48491",90834
"48493",80082
"48497",67726
"48499",56749
"48503",52158
"48505",32945
"01039",42566
"01045",45644
"01051",62324
"01057",41469
"01061",41569
"01067",51715
"01073",55088
"01079",47125
"01083",64270
"01089",66887
"01095",50216
"01101",51963
"01105",23875
"01111",45141
"01117",78889
"01121",43969
"01127",45833
"01133",40991
"06005",65187
"06009",67054
"06015",49981
"06021",51682
"06027",59296
"06033",49254
"06037",71358
"06083",78925
"06089",57139
"51033",67901
"51041",84645
"51047",80663
"51053",65485
"51061",105665
"51067",56779
"51073",71649
"51079",67266
"51085",91444
"51091",51831
"51143",49520
"51153",107707
"51159",53298
"51165",64496
"51171",56114
"51177",90913
"51183",51701
"51191",50928
"51197",51639
"51520",39679
"51550",81261
"51595",30058
"51620",49811
"51650",57041
"51678",50714
"51685",81639
"51710",53026
"51735",100696
"51760",51421
"53031",57693
"53039",56667
"53045",60565
"53051",55021
"53057",71021
"53063",60101
"53069",54524
"53075",42288
"54003",65286
"54009",48168
"54017",51300
"54023",43313
"54029",48140
"54035",49115
"54041",43894
"54047",26072
"54053",51820
"54059",35454
"54065",57116
"55001",48906
"55007",57257
"55013",53555
"55019",54463
"55025",75179
"55031",56855
"55037",50821
"55043",54144
"55049",68714
"55055",67167
"19155",59901
"19159",55970
"19161",57446
"19165",60139
"19167",73260
"19171",54749
"19175",50375
"19177",49898
"19181",80309
"19183",63532
"19187",51909
"19191",63162
"19193",60768
"19197",51221
"24001",49449
"24005",78724
"24011",59042
"24013",99569
"24017",103678
"24019",52799
"24023",54542
"24025",94003
"24029",60208
"24033",86994
"24035",96467
"24039",44980
"24041",73102
"24043",63510
"24045",60366
"24047",65396
"24510",52164
"26001",43341
"26003",45184
"26005",65071
"26007",42603
"26009",57256
"26011",45679
"26013",46581
"26015",65557
"26017",48290
"26019",64257
"26021",52500
"26023",52782
"26025",50219
"26027",57514
"26029",60433
"26033",50454
"26035",41163
"26039",49987
"26041",47008
"26045",67440
"26049",50269
"26051",45957
"26055",66457
"26057",49795
"26061",44839
"26063",49541
"26067",60139
"26071",44183
"18171",65614
"18175",50459
"18177",47756
"18181",53865
"18183",64992
"25003",62166
"25005",71450
"25009",82225
"25011",61198
"25015",73518
"25017",106202
"25021",105320
"25023",92906
"25025",74881
"25027",77155
"39001",40067
"39003",51892
"39005",55422
"39007",47925
"39009",42414
"39011",66193
"39013",51574
"39015",57200
"39017",69023
"39019",52574
"39021",59909
"39023",51504
"39025",69720
"39027",54683
"39029",49407
"39031",48552
"39033",46391
"39035",51741
"39039",62110
"39041",111411
"39045",70906
"39047",48637
"39051",61290
"39053",48975
"39057",70055
"39059",46352
"39063",57384
"39065",50214
"39069",60425
"39073",54774
"39075",64453
"39079",48915
"39081",46849
"39085",65814
"39087",46584
"39091",60417
"39093",58798
"39097",68663
"39101",49225
"39103",77784
"39107",65566
"39109",62347
"39113",53064
"39115",43791
"39119",48350
"06093",47403
"06099",62873
"06105",41780
"06111",89295
"05001",51000
"05007",71556
"05011",41808
"05017",33523
"05023",45563
"05029",44456
"05033",48980
"05039",35134
"05045",54191
"05051",48150
"05055",50083
"05061",38038
"05067",37885
"05073",33763
"05077",27902
"05083",44232
"05089",38426
"05093",42986
"05141",40442
"05147",40331
"09001",97539
"09007",84907
"09013",87809
"02013",75833
"02050",54400
"02066",64745
"02090",76464
"02110",88077
"02150",79173
"02164",48750
"02185",79083
"02198",54018
"02240",66941
"08001",73817
"08005",80291
"08011",38083
"08015",55176
"08019",71919
"08025",40785
"08031",72661
"08079",53571
"08085",54611
"08089",43075
"08095",50426
"08101",49979
"08107",76198
"08111",56875
"08117",80709
"08123",74332
"10001",60117
"30001",45819
"30007",57723
"30013",52049
"30017",54891
"55061",68474
"55067",52074
"55073",63029
"55078",47188
"55085",58156
"55091",58750
"55097",60316
"55103",52052
"55109",84985
"56017",53398
"56025",62168
"56031",57784
"56037",73384
"56043",57306
"72003",16802
"72009",20631
"72015",16206
"72021",26853
"72029",21614
"72035",23104
"72041",20664
"72047",16933
"72053",19957
"72059",17796
"72065",18998
"72071",16996
"72077",20350
"72123",17694
"72131",15995
"72137",25090
"72143",20809
"72151",16828
"48003",75147
"48009",63958
"48015",64468
"48021",71820
"48027",54987
"48033",83281
"48037",51796
"48043",45296
"48049",49180
"48055",59846
"48061",41200
"48067",47539
"48073",50199
"48079",41000
"48085",100541
"48133",41559
"48139",79834
"48145",36854
"48151",52683
"48157",100189
"48163",48708
"48167",74633
"48173",74375
"48179",54679
"48185",56086
"48191",40197
"48197",47188
"26073",46783
"26077",58836
"26079",49402
"26083",51750
"26085",38356
"26089",67330
"26093",84274
"26095",50000
"26099",64641
"26101",51658
"26105",51568
"26107",45797
"26111",64078
"26115",65453
"26117",52390
"26121",53478
"26123",51470
"26127",51161
"26129",41752
"26133",46969
"26135",43457
"26139",72418
"26143",41828
"26145",49565
"26149",53253
"26151",49852
"26155",56436
"26157",51891
"26161",75730
"26163",49359
"26165",50335
"28001",30633
"28003",40938
"28005",30805
"28007",35631
"28009",39758
"28011",32412
"28013",40345
"28015",46729
"28017",35592
"28019",36648
"28021",32268
"28023",38631
"28025",33209
"28027",30761
"28029",44252
"28031",32917
"28033",69990
"28035",42298
"28037",39066
"28041",47033
"28043",39952
"28047",48547
"28049",45380
"28053",28628
"28055",28333
"28059",53726
"28061",37877
"39121",50070
"39125",56531
"39127",52978
"39131",44115
"39135",61339
"39137",67790
"39141",51508
"39143",55245
"39147",52897
"39149",64522
"39153",59253
"39155",47799
"39159",88565
"39161",55991
"39165",89410
"39167",51808
"39169",61424
"39171",52855
"39173",63189
"39175",57925
"40001",34375
"40003",64122
"40005",42392
"40007",55083
"40009",47095
"40011",49638
"40013",47175
"40015",46499
"40017",73591
"40019",51148
"40021",43378
"40023",37121
"40025",47095
"40027",65412
"40029",42277
"40031",52377
"40035",43003
"40037",52315
"40041",44268
"40043",51169
"40047",55435
"40049",47321
"40053",53147
"40055",46794
"40059",44318
"40061",43950
"40065",52535
"40067",43871
"40071",47456
"40073",61738
"40077",40044
"40079",41900
"40083",70456
"40085",54423
"40089",39091
"40091",39588
"40095",48573
"40097",50012
"40101",41633
"40103",60019
"30023",42129
"30029",57763
"30035",37645
"30039",50795
"30045",50329
"30051",46750
"30057",55892
"30063",56247
"30067",53082
"30073",54235
"13009",46250
"13015",61226
"13019",42089
"13025",34679
"13031",48786
"13037",41962
"13043",36955
"13049",42743
"13055",37351
"13061",32434
"13065",38844
"13071",36799
"13077",79795
"13083",40384
"13087",40567
"13093",48039
"13099",34811
"13103",67050
"13109",46392
"13115",50657
"13119",47821
"13125",46500
"13131",48047
"13137",54147
"13141",32914
"13185",46113
"13189",47327
"13195",51142
"13201",49771
"13207",60491
"13213",51133
"13219",95064
"13225",50267
"13229",48969
"13235",42213
"13241",44871
"13245",43882
"13251",39852
"13257",46766
"13263",40020
"13267",44053
"13273",35335
"13279",41244
"13285",46796
"13289",43477
"13295",46601
"13301",38250
"13305",45773
"13311",55788
"13317",36486
"48203",54234
"48209",68724
"48215",41846
"48221",71253
"48227",57761
"48233",57921
"48239",58243
"48245",50840
"48251",65311
"48301",44076
"48305",46163
"48311",67386
"48317",70000
"48323",41385
"48329",83217
"48335",44939
"48341",53967
"48347",44507
"48353",43692
"48359",64250
"48365",51297
"48371",53879
"48377",22716
"48383",61659
"48389",61543
"48395",53823
"48401",56223
"48407",44566
"48413",45250
"48419",41170
"48465",47675
"48471",41508
"48477",59623
"48483",49036
"48489",37906
"48495",63585
"48501",69004
"48507",40090
"28065",32214
"28067",43391
"28071",53318
"28075",42922
"28077",36239
"28081",55861
"28083",30077
"28087",48170
"28089",71621
"28093",43411
"28095",45018
"28099",40750
"28103",36958
"28105",39490
"28109",51538
"28111",47173
"28115",48980
"28117",40163
"28121",68310
"28123",39971
"28127",43403
"28131",47683
"28133",31515
"28137",55738
"28139",37894
"28143",34485
"28145",47317
"28149",46909
"28151",32011
"28155",52382
"28157",30760
"28161",41440
"28163",32729
"35003",36607
"35005",46254
"35006",44731
"35007",36937
"35009",48903
"35011",31532
"35013",44024
"35015",65000
"35017",37453
"35019",31061
"35021",32500
"35023",44722
"35025",61867
"35027",44939
"35028",119266
"35029",32251
"35031",36179
"35033",29458
"35035",45032
"35037",33962
"35039",42264
"35043",65071
"35045",47643
"35049",60668
"35053",40297
"40107",40913
"40111",45319
"40113",50105
"40117",50991
"40119",42103
"40123",51682
"40125",51150
"40129",54653
"40131",66038
"40135",41803
"40137",51156
"40141",39975
"40143",57024
"40147",53384
"40149",52591
"40153",56182
"41001",46250
"41005",82911
"41007",57466
"41009",68170
"41011",49445
"41013",59000
"41015",53174
"41017",68937
"41019",50031
"41021",41838
"41023",48202
"41025",43387
"41027",72418
"41029",56327
"41031",55844
"41033",47733
"41035",48560
"41037",44237
"41039",54942
"41041",50775
"41043",59547
"41045",44362
"41047",61817
"41051",71425
"41055",51472
"41057",54268
"41061",53940
"41063",53423
"41067",86626
"41069",45354
"44001",85413
"44003",75857
"44007",62323
"44009",86970
"42003",62320
"42005",53545
"42009",51531
"42011",66154
"42015",52375
"42017",93181
"42021",47644
"42023",40342
"42027",61921
"13321",50913
"16035",42413
"16039",45656
"16045",53720
"16051",65577
"16055",60903
"16061",42370
"16067",53011
"16071",54484
"16077",51014
"16083",53363
"17001",55052
"17005",53568
"17011",55549
"17017",53899
"17021",52120
"17027",67179
"17033",50968
"17039",57727
"17043",94930
"17049",59932
"17055",43671
"17061",51746
"17065",55977
"17071",55759
"17077",39689
"17121",49925
"17127",51195
"17133",89648
"17139",64033
"17143",55729
"17149",46605
"17155",64694
"17161",55980
"17165",43928
"17171",59352
"17177",50466
"17183",46842
"17189",64390
"17193",48303
"17199",52076
"19001",55700
"19007",39693
"19011",66046
"19017",72209
"19021",54014
"19027",59198
"19033",56082
"19039",55078
"19043",56456
"19049",88368
"19055",63877
"19099",59481
"19105",57134
"19109",56156
"19115",63034
"19121",71811
"19125",64136
"19131",60260
"19137",55761
"35055",41973
"35059",35484
"35061",50801
"38003",60472
"38005",50329
"38009",65074
"38011",70521
"38015",72974
"38017",65976
"38021",64521
"38025",82750
"38027",52895
"38031",61250
"38033",72308
"38037",53750
"38039",53917
"38043",52063
"38045",61477
"38049",67039
"38051",51136
"38055",70261
"38057",82087
"38061",70412
"38065",66641
"38067",60910
"38071",52688
"38073",62235
"38077",60833
"38079",46481
"38083",54250
"38085",41893
"38089",69412
"38091",77167
"38095",49464
"38097",67604
"38101",68098
"38105",79508
"04001",33967
"04003",51505
"04005",59000
"04007",46907
"04009",55693
"04011",66368
"04012",34956
"04013",67799
"04015",47686
"04017",43140
"04019",55023
"04021",60968
"04023",41424
"04025",53329
"04027",48790
"20001",47983
"20003",52995
"20005",50683
"20007",49668
"20009",48863
"20011",46369
"42029",104161
"42033",50150
"42035",51145
"42039",51919
"42041",71979
"42045",76238
"42047",54961
"42051",49075
"42053",41225
"42057",55424
"42059",55993
"42063",49270
"42065",49604
"42069",54064
"42071",69588
"42075",61632
"42077",66214
"42081",54906
"42083",49240
"42085",50529
"42089",68734
"42091",93518
"42093",59915
"42095",73088
"42097",49273
"42099",70660
"42101",49127
"42103",67495
"42105",47696
"42107",53703
"42109",60227
"42111",51255
"42113",49830
"42115",55788
"42117",51838
"42119",56824
"42121",51405
"42123",52034
"42125",65478
"42127",55572
"42131",60075
"42133",68940
"45001",43090
"45005",26074
"45007",53598
"45011",37572
"45013",71430
"45017",49844
"45019",67182
"45023",43985
"45025",41937
"45029",36748
"45031",37141
"45033",36429
"45037",52491
"45039",43861
"45043",52488
"19141",57200
"19147",56437
"19153",69747
"19157",53925
"19163",63876
"19169",58302
"19173",57768
"19179",46433
"19185",47543
"19189",51581
"19195",60442
"24003",103225
"24009",112696
"24015",79415
"24021",100685
"24027",124042
"24031",111812
"24037",95864
"26031",49624
"26037",72490
"26043",51704
"26047",55947
"26053",38625
"26059",51535
"26065",55253
"26069",42628
"26075",54511
"26081",65722
"26087",65197
"26091",57314
"26097",50058
"26103",54585
"26109",48548
"26113",47370
"26119",42160
"26125",81587
"26131",41776
"26137",55917
"26141",48734
"26147",58722
"26153",48443
"26159",56652
"28039",47044
"28045",54860
"28051",24074
"28057",47649
"28063",29524
"28069",30735
"28073",61649
"28079",36708
"28085",41355
"28091",31629
"28097",38022
"28101",42176
"28107",37232
"28113",32726
"28119",24233
"28125",35711
"28129",44714
"20015",66405
"20019",39500
"20021",41936
"20025",52500
"20027",47880
"20031",59405
"20033",48125
"20037",42615
"20041",53864
"20043",51953
"20047",50028
"20049",42564
"20053",56306
"20055",60498
"20059",55873
"20061",52019
"20065",40890
"20069",70457
"20071",53750
"20075",44894
"20077",49283
"20081",54638
"20083",60703
"20087",67429
"20091",91650
"20093",46464
"20097",53107
"20099",47922
"20103",76307
"20105",46523
"20109",51136
"20113",59928
"20115",50816
"20119",56817
"20121",75635
"20125",45288
"20127",52792
"20131",61382
"20133",49493
"20137",48486
"20141",50774
"20143",59607
"20145",46559
"20147",51820
"20149",70064
"20151",54644
"20153",57281
"20155",51520
"20157",50411
"20159",49688
"20161",51098
"20163",51362
"20165",46333
"20167",50630
"20169",51830
"20171",55625
"20173",57540
"20175",49395
"20177",58652
"20179",62105
"45049",38178
"45051",51570
"45055",53980
"45057",65421
"45059",44374
"45063",62740
"45065",47402
"45069",31528
"45071",46038
"45075",36802
"45077",51032
"45081",43410
"45083",53757
"45087",41117
"45089",35681
"45091",68555
"46005",53461
"46007",41887
"46011",57471
"46013",61816
"46017",35000
"46019",49353
"46021",54228
"46023",52348
"46025",50709
"46027",51447
"46029",57885
"46031",36705
"46033",64556
"46035",48267
"46037",46753
"46039",67396
"46041",45859
"46043",61793
"46045",64896
"46047",51383
"46049",49423
"46051",65327
"46053",44706
"46055",40673
"46057",67626
"46059",58333
"46063",61111
"46065",69575
"46069",59844
"46071",24549
"46075",46688
"46077",61316
"45045",62422
"46079",63165
"46083",84260
"46085",54484
"46089",51379
"46091",68056
"46095",33882
"46097",53135
"46101",61894
"28135",30433
"28141",38302
"28147",33566
"28153",33612
"28159",38986
"35001",54308
"35041",42917
"35047",32310
"35051",33873
"35057",38240
"38001",48750
"38007",64896
"38013",79405
"38019",54955
"38023",64650
"38029",51012
"38035",53721
"38041",59750
"38047",60592
"38053",75238
"38059",72778
"38063",53063
"38069",57398
"38075",69848
"38081",64564
"38087",65833
"38093",52815
"38099",55428
"38103",56519
"20013",50649
"20017",48906
"20023",42802
"20029",48295
"20035",50786
"20039",44125
"20045",61020
"20051",57053
"20057",53743
"20063",53906
"20067",60625
"20073",43320
"20079",58782
"20085",59686
"20089",38188
"20095",57304
"20101",41318
"20107",48325
"20111",50141
"20117",52293
"20123",47375
"20129",41866
"20135",57222
"20139",58927
"20185",51857
"20191",53578
"20197",65742
"20203",58299
"20207",42692
"21003",44180
"20181",57005
"20183",42098
"20187",57741
"20189",59044
"20193",68313
"20195",59420
"20199",49632
"20201",52172
"20205",49682
"20209",48093
"21001",43026
"21005",54413
"21007",45517
"21011",44893
"21013",28442
"21017",47024
"21019",51019
"21023",60053
"21027",47236
"21029",65531
"21033",48281
"21035",41841
"21039",41222
"21041",41014
"21045",33004
"21047",44279
"21051",27479
"21053",33092
"21057",35030
"21059",54881
"21063",36950
"21067",58954
"21069",42087
"21073",59056
"21075",31587
"21079",55369
"21081",56746
"21085",38262
"21087",33846
"21091",56265
"21093",57101
"21097",50270
"21101",50471
"21103",52550
"21105",44063
"21107",47014
"21109",31515
"21111",58196
"21113",64855
"21115",38333
"21117",66541
"21119",32531
"21121",30257
"21123",48495
"21125",43745
"21127",32856
"21129",24699
"21131",36038
"21133",33181
"46102",31423
"46105",61815
"46107",57120
"46109",50877
"46115",62125
"46117",71602
"46121",24102
"46123",54054
"46127",74006
"46129",51481
"46137",36615
"47001",52338
"47005",39019
"47007",49382
"47011",51872
"47013",41769
"47017",42877
"47019",40820
"47023",53336
"47025",37954
"47029",38530
"47031",51030
"47035",49423
"47037",62515
"47041",44389
"47043",57804
"47045",45042
"47047",63618
"47049",40203
"47051",47777
"47053",45557
"47055",49815
"47057",44703
"47059",43150
"47061",43116
"47063",43151
"47065",56606
"47067",28234
"47069",39636
"47071",42285
"47073",45318
"47075",38994
"47077",44534
"47079",41037
"47081",47457
"47083",43521
"47085",48411
"47089",51899
"47091",38090
"47095",34230
"47097",41905
"47101",36977
"47103",53923
"47107",46872
"47109",40327
"47113",48396
"47115",50059
"47119",60567
"21015",82838
"21021",51562
"21025",29538
"21031",45955
"21037",63152
"21043",39492
"21049",54871
"21055",46354
"21061",44229
"21065",32800
"21071",35096
"21077",55113
"21083",45614
"21089",52337
"21095",28261
"21099",39834
"21149",54181
"21153",27807
"21159",42894
"21165",46746
"21171",35078
"21177",45937
"21183",45773
"21189",29406
"21193",39594
"21199",40658
"21205",42754
"21211",72564
"21217",50266
"21221",50980
"21227",54325
"21233",44540
"21239",66442
"23005",76014
"23011",55368
"23017",49761
"23023",68039
"23027",58034
"27001",49086
"27047",54628
"27053",81169
"27059",76999
"27063",62479
"27069",55410
"27075",65201
"27081",53557
"27087",45398
"27093",63841
"27099",55378
"21009",41674
"27105",56000
"27111",59456
"27117",53688
"27123",67238
"27129",58542
"27135",62304
"27141",88671
"27147",68172
"27153",54502
