"year","state_name","data_exists"
2006,"Washington",1
2010,"Minnesota",1
2009,"Delaware",1
2003,"South Dakota",1
2006,"Virginia",1
2002,"Oregon",1
2007,"Pennsylvania",1
2013,"Mississippi",1
2010,"Massachusetts",1
2015,"Texas",1
2002,"West Virginia",1
2015,"Louisiana",1
2000,"Missouri",1
2010,"Mississippi",1
2000,"Arkansas",1
2009,"Maine",1
2004,"Colorado",1
2017,"Virginia",1
2016,"New Jersey",1
2003,"Nevada",1
2019,"New Hampshire",1
2012,"Alabama",1
2003,"Hawaii",1
2022,"Mississippi",1
2015,"Oregon",1
2011,"Texas",1
2005,"Utah",1
2006,"Arkansas",1
2010,"Rhode Island",1
2001,"North Dakota",1
2022,"Massachusetts",1
2020,"Georgia",1
2018,"Nevada",1
2001,"Kansas",1
2007,"Indiana",1
2012,"West Virginia",1
2018,"Arkansas",1
2016,"Mississippi",1
2022,"Ohio",1
2014,"Utah",1
2007,"Washington",1
2002,"Illinois",1
2013,"Oklahoma",1
2006,"Pennsylvania",1
2019,"Hawaii",1
2006,"District of Columbia",1
2001,"North Carolina",1
2009,"Rhode Island",1
2020,"Oklahoma",1
2001,"Illinois",1
2021,"Ohio",1
2020,"North Dakota",1
2017,"Hawaii",1
2008,"Nebraska",1
2001,"Maine",1
2007,"Georgia",1
2012,"Louisiana",1
2000,"Iowa",1
2017,"Iowa",1
2002,"South Dakota",1
2003,"Kansas",1
2006,"Wyoming",1
2015,"Michigan",1
2007,"Montana",1
2020,"Kentucky",1
2021,"Delaware",1
2016,"Louisiana",1
2021,"Wisconsin",1
2012,"Washington",1
2009,"South Carolina",1
2017,"California",1
2015,"West Virginia",1
2017,"Pennsylvania",1
2007,"New Mexico",1
2008,"Nevada",1
2013,"Rhode Island",1
2021,"Arkansas",1
2013,"Washington",1
2016,"Florida",1
2008,"Mississippi",1
2005,"Georgia",1
2009,"District of Columbia",1
2004,"South Carolina",1
2014,"Oregon",1
2000,"Oregon",1
2010,"Oregon",1
2019,"Connecticut",1
2006,"Illinois",1
2020,"Arizona",1
2016,"Connecticut",1
2007,"Mississippi",1
2022,"South Carolina",1
2002,"New Mexico",1
2013,"Ohio",1
2005,"New York",1
2001,"Indiana",1
2010,"Louisiana",1
2008,"Missouri",1
2002,"Delaware",1
2012,"California",1
2001,"Missouri",1
2011,"Indiana",1
2005,"Arizona",1
2015,"District of Columbia",1
2010,"Delaware",1
2004,"Texas",1
2009,"West Virginia",1
2018,"West Virginia",1
2015,"New Mexico",1
2008,"Louisiana",1
2010,"California",1
2015,"Arizona",1
2004,"Hawaii",1
2012,"Kansas",1
2010,"Florida",1
2000,"Ohio",1
2012,"Idaho",1
2010,"North Carolina",1
2018,"New York",1
2018,"Connecticut",1
2014,"Pennsylvania",1
2003,"Massachusetts",1
2010,"Oklahoma",1
2021,"Utah",1
2017,"Maine",1
2004,"District of Columbia",1
2001,"New Hampshire",1
2013,"Illinois",1
2011,"Nevada",1
2022,"New Mexico",1
2008,"Washington",1
2005,"Minnesota",1
2002,"Montana",1
2005,"North Dakota",1
2013,"New Hampshire",1
2010,"New Hampshire",1
2011,"Hawaii",1
2019,"Wyoming",1
2005,"West Virginia",1
2018,"New Hampshire",1
2006,"Delaware",1
2001,"Arkansas",1
2021,"North Carolina",1
2015,"Hawaii",1
2020,"Rhode Island",1
2015,"Wyoming",1
2001,"Montana",1
2012,"Hawaii",1
2014,"Virginia",1
2004,"Tennessee",1
2005,"Missouri",1
2018,"Maryland",1
2010,"Arizona",1
2009,"Arizona",1
2010,"North Dakota",1
2008,"Rhode Island",1
2021,"Arizona",1
2006,"Nebraska",1
2003,"Illinois",1
2009,"Oregon",1
2013,"Kentucky",1
2004,"Louisiana",1
2019,"South Carolina",1
2017,"Missouri",1
2015,"Washington",1
2011,"Montana",1
2004,"North Dakota",1
2009,"New Mexico",1
2012,"Florida",1
2013,"Massachusetts",1
2014,"California",1
2007,"Kentucky",1
2003,"Nebraska",1
2017,"District of Columbia",1
2013,"Maine",1
2001,"Alaska",1
2022,"Wyoming",1
2016,"Missouri",1
2013,"New York",1
2012,"Utah",1
2015,"Delaware",1
2007,"New York",1
2009,"New Jersey",1
2018,"Illinois",1
2012,"South Carolina",1
2009,"Wyoming",1
2022,"Maine",1
2005,"Hawaii",1
2008,"Oklahoma",1
2002,"Virginia",1
2007,"North Carolina",1
2017,"Oklahoma",1
2002,"Kentucky",1
2019,"Kansas",1
2015,"Alaska",1
2003,"Alaska",1
2000,"Kentucky",1
2016,"Wisconsin",1
2018,"Rhode Island",1
2011,"Maine",1
2007,"New Jersey",1
2007,"Maine",1
2017,"Louisiana",1
2016,"Kansas",1
2001,"Oregon",1
2012,"Indiana",1
2010,"Arkansas",1
2011,"Missouri",1
2001,"Michigan",1
2012,"Wyoming",1
2014,"Nevada",1
2011,"Minnesota",1
2005,"Connecticut",1
2014,"Michigan",1
2007,"Iowa",1
2013,"Alaska",1
2003,"Utah",1
2001,"Wyoming",1
2002,"New York",1
2011,"Wyoming",1
2020,"Arkansas",1
2016,"District of Columbia",1
2009,"Pennsylvania",1
2011,"South Carolina",1
2006,"North Dakota",1
2008,"Alabama",1
2009,"Georgia",1
2001,"Vermont",1
2011,"Arkansas",1
2000,"Massachusetts",1
2020,"Oregon",1
2013,"California",1
2003,"New Jersey",1
2004,"Missouri",1
2010,"Colorado",1
2016,"South Carolina",1
2009,"Idaho",1
2006,"South Carolina",1
2004,"California",1
2002,"Michigan",1
2012,"Massachusetts",1
2005,"Illinois",1
2017,"Minnesota",1
2007,"Maryland",1
2019,"Ohio",1
2003,"Wisconsin",1
2006,"Maine",1
2019,"Virginia",1
2009,"Tennessee",1
2005,"Alabama",1
2006,"Iowa",1
2022,"Maryland",1
2021,"South Dakota",1
2017,"Alabama",1
2012,"Arkansas",1
2001,"Wisconsin",1
2010,"Kentucky",1
2005,"Texas",1
2020,"Maryland",1
2011,"Oklahoma",1
2018,"Texas",1
2021,"Maine",1
2013,"Indiana",1
2006,"Hawaii",1
2012,"Missouri",1
2011,"South Dakota",1
2004,"Utah",1
2011,"Vermont",1
2006,"Mississippi",1
2018,"Iowa",1
2021,"Nebraska",1
2007,"California",1
2010,"Missouri",1
2008,"West Virginia",1
2008,"New York",1
2017,"Wisconsin",1
2008,"Arizona",1
2022,"Arizona",1
2013,"North Carolina",1
2012,"Colorado",1
2003,"North Dakota",1
2005,"Iowa",1
2021,"Wyoming",1
2008,"Georgia",1
2008,"Maryland",1
2022,"Rhode Island",1
2022,"West Virginia",1
2011,"Arizona",1
2022,"New Jersey",1
2016,"Nevada",1
2022,"Iowa",1
2020,"Minnesota",1
2001,"Rhode Island",1
2018,"Missouri",1
2017,"North Dakota",1
2009,"Mississippi",1
2012,"Minnesota",1
2004,"Indiana",1
2005,"South Dakota",1
2017,"Wyoming",1
2000,"New Hampshire",1
2005,"Idaho",1
2000,"New Mexico",1
2017,"Nebraska",1
2001,"New York",1
2015,"Vermont",1
2019,"Michigan",1
2006,"Montana",1
2011,"Michigan",1
2021,"Texas",1
2020,"Utah",1
2016,"North Dakota",1
2002,"Missouri",1
2006,"Tennessee",1
2021,"Vermont",1
2012,"New Mexico",1
2003,"Missouri",1
2003,"Virginia",1
2019,"Florida",1
2006,"Vermont",1
2014,"Illinois",1
2000,"North Dakota",1
2004,"Nebraska",1
2017,"Utah",1
2007,"Virginia",1
2005,"Wyoming",1
2014,"South Carolina",1
2008,"Wisconsin",1
2021,"Connecticut",1
2002,"Florida",1
2004,"Connecticut",1
2020,"Maine",1
2012,"Tennessee",1
2010,"Alaska",1
2017,"South Carolina",1
2004,"New Mexico",1
2005,"Ohio",1
2004,"New Hampshire",1
2020,"Michigan",1
2018,"South Carolina",1
2006,"Alabama",1
2021,"Hawaii",1
2018,"Arizona",1
2019,"Maryland",1
2011,"District of Columbia",1
2020,"Pennsylvania",1
2007,"Vermont",1
2018,"Nebraska",1
2022,"Arkansas",1
2006,"Massachusetts",1
2010,"Montana",1
2014,"Washington",1
2020,"California",1
2007,"North Dakota",1
2000,"Arizona",1
2010,"South Carolina",1
2004,"Idaho",1
2001,"Tennessee",1
2018,"Montana",1
2015,"Kansas",1
2005,"South Carolina",1
2016,"Georgia",1
2016,"Maryland",1
2011,"Alabama",1
2016,"Illinois",1
2018,"Delaware",1
2017,"Mississippi",1
2019,"Georgia",1
2009,"Alaska",1
2022,"New York",1
2014,"New Mexico",1
2001,"Pennsylvania",1
2003,"Georgia",1
2009,"Vermont",1
2010,"Washington",1
2020,"New Hampshire",1
2021,"Michigan",1
2004,"Wisconsin",1
2002,"Georgia",1
2011,"North Carolina",1
2003,"New York",1
2002,"Kansas",1
2000,"Kansas",1
2014,"Arkansas",1
2003,"Alabama",1
2009,"Arkansas",1
2006,"Minnesota",1
2013,"West Virginia",1
2006,"Idaho",1
2018,"Virginia",1
2013,"Georgia",1
2011,"Delaware",1
2018,"North Dakota",1
2004,"North Carolina",1
2017,"Connecticut",1
2017,"Colorado",1
2002,"Wisconsin",1
2017,"Montana",1
2005,"Oregon",1
2014,"Colorado",1
2016,"Oklahoma",1
2005,"Florida",1
2006,"California",1
2017,"Vermont",1
2019,"Pennsylvania",1
2016,"Idaho",1
2004,"Virginia",1
2008,"Connecticut",1
2022,"Kentucky",1
2015,"Colorado",1
2020,"Mississippi",1
2017,"Nevada",1
2022,"Tennessee",1
2019,"North Dakota",1
2012,"Arizona",1
2016,"Oregon",1
2010,"Maryland",1
2015,"Montana",1
2001,"Hawaii",1
2022,"Missouri",1
2022,"Indiana",1
2007,"Florida",1
2003,"Iowa",1
2008,"District of Columbia",1
2016,"Colorado",1
2000,"Maine",1
2002,"Arkansas",1
2000,"Alaska",1
2011,"Utah",1
2011,"Idaho",1
2009,"Indiana",1
2013,"Hawaii",1
2005,"Nevada",1
2000,"Idaho",1
2015,"Kentucky",1
2019,"Texas",1
2000,"Minnesota",1
2020,"Hawaii",1
2016,"Pennsylvania",1
2013,"Oregon",1
2019,"New Jersey",1
2016,"Vermont",1
2016,"Hawaii",1
2009,"Hawaii",1
2015,"South Carolina",1
2001,"Maryland",1
2004,"Massachusetts",1
2022,"Minnesota",1
2020,"Kansas",1
2002,"Utah",1
2013,"Arizona",1
2002,"Iowa",1
2000,"Michigan",1
2005,"Wisconsin",1
2020,"Alaska",1
2003,"Vermont",1
2021,"Kentucky",1
2011,"Maryland",1
2007,"Missouri",1
2002,"California",1
2004,"Minnesota",1
2020,"Indiana",1
2007,"Alabama",1
2017,"Maryland",1
2018,"New Jersey",1
2011,"North Dakota",1
2021,"New Mexico",1
2008,"New Hampshire",1
2008,"Arkansas",1
2010,"Illinois",1
2016,"Wyoming",1
2011,"Virginia",1
2015,"Idaho",1
2014,"Massachusetts",1
2005,"Rhode Island",1
2013,"Colorado",1
2002,"Indiana",1
2001,"Nebraska",1
2013,"North Dakota",1
2019,"South Dakota",1
2018,"Alabama",1
2010,"Indiana",1
2012,"North Carolina",1
2000,"Mississippi",1
2021,"Oregon",1
2002,"Nevada",1
2010,"Wisconsin",1
2014,"Vermont",1
2009,"South Dakota",1
2010,"Utah",1
2019,"Massachusetts",1
2002,"New Jersey",1
2005,"New Hampshire",1
2005,"California",1
2019,"Wisconsin",1
2011,"Florida",1
2002,"Nebraska",1
2006,"New Hampshire",1
2014,"Florida",1
2003,"Minnesota",1
2004,"Kentucky",1
2003,"South Carolina",1
2002,"Rhode Island",1
2000,"Pennsylvania",1
2006,"Rhode Island",1
2012,"Oregon",1
2009,"Nevada",1
2021,"Virginia",1
2021,"Pennsylvania",1
2011,"Massachusetts",1
2017,"Idaho",1
2002,"Wyoming",1
2005,"Colorado",1
2012,"Nebraska",1
2019,"Colorado",1
2002,"Vermont",1
2021,"Montana",1
2020,"Wisconsin",1
2013,"Idaho",1
2000,"Illinois",1
2000,"District of Columbia",1
2020,"Idaho",1
2017,"Arizona",1
2022,"Pennsylvania",1
2001,"Kentucky",1
2008,"North Dakota",1
2021,"Nevada",1
2021,"Colorado",1
2003,"Washington",1
2008,"South Carolina",1
2011,"New Jersey",1
2021,"Florida",1
2015,"New Hampshire",1
2000,"South Carolina",1
2014,"North Carolina",1
2003,"Kentucky",1
2003,"Montana",1
2006,"Oregon",1
2020,"Missouri",1
2002,"District of Columbia",1
2011,"New Hampshire",1
2006,"Kansas",1
2022,"Georgia",1
2015,"Connecticut",1
2014,"Idaho",1
2001,"Louisiana",1
2001,"Texas",1
2018,"Kentucky",1
2008,"Iowa",1
2009,"California",1
2009,"Virginia",1
2010,"Connecticut",1
2009,"Ohio",1
2003,"Maine",1
2007,"Illinois",1
2020,"New Jersey",1
2003,"Oregon",1
2014,"Missouri",1
2000,"Delaware",1
2008,"South Dakota",1
2012,"Texas",1
2004,"Iowa",1
2008,"Ohio",1
2006,"Texas",1
2008,"Minnesota",1
2005,"New Jersey",1
2019,"California",1
2019,"Iowa",1
2016,"Nebraska",1
2019,"Delaware",1
2020,"Ohio",1
2017,"Texas",1
2001,"District of Columbia",1
2014,"Wisconsin",1
2005,"Alaska",1
2011,"Kentucky",1
2008,"Kansas",1
2010,"Tennessee",1
2017,"South Dakota",1
2002,"South Carolina",1
2005,"Louisiana",1
2012,"Virginia",1
2022,"District of Columbia",1
2019,"Arkansas",1
2011,"Alaska",1
2004,"New Jersey",1
2015,"Oklahoma",1
2016,"Alabama",1
2007,"Colorado",1
2014,"Wyoming",1
2003,"District of Columbia",1
2006,"South Dakota",1
2015,"Indiana",1
2003,"New Hampshire",1
2001,"Arizona",1
2022,"Utah",1
2018,"Florida",1
2003,"North Carolina",1
2003,"Oklahoma",1
2004,"Oregon",1
2011,"Mississippi",1
2020,"Virginia",1
2014,"New Jersey",1
2008,"Illinois",1
2018,"Indiana",1
2003,"Louisiana",1
2010,"Nebraska",1
2004,"West Virginia",1
2012,"Michigan",1
2002,"New Hampshire",1
2014,"Delaware",1
2005,"District of Columbia",1
2015,"Missouri",1
2019,"Arizona",1
2020,"Wyoming",1
2008,"Massachusetts",1
2006,"West Virginia",1
2019,"Alabama",1
2012,"South Dakota",1
2009,"Kansas",1
2016,"Washington",1
2007,"Utah",1
2008,"Idaho",1
2000,"Colorado",1
2020,"South Carolina",1
2022,"Virginia",1
2010,"Michigan",1
2022,"Alabama",1
2006,"Maryland",1
2002,"Connecticut",1
2004,"Vermont",1
2021,"Oklahoma",1
2017,"Rhode Island",1
2020,"West Virginia",1
2000,"Nebraska",1
2000,"Alabama",1
2009,"Louisiana",1
2022,"Michigan",1
2011,"Illinois",1
2017,"Kentucky",1
2002,"Massachusetts",1
2013,"Wisconsin",1
2000,"New Jersey",1
2006,"Georgia",1
2004,"South Dakota",1
2019,"Indiana",1
2021,"Georgia",1
2010,"Vermont",1
2004,"Pennsylvania",1
2010,"Georgia",1
2014,"Maine",1
2021,"Tennessee",1
2008,"Montana",1
2021,"Alaska",1
2022,"Illinois",1
2004,"Mississippi",1
2018,"Kansas",1
2017,"New Mexico",1
2014,"Kentucky",1
2001,"Oklahoma",1
2013,"Kansas",1
2021,"Iowa",1
2002,"Tennessee",1
2000,"Wyoming",1
2010,"Hawaii",1
2014,"Indiana",1
2010,"Virginia",1
2021,"California",1
2016,"New Hampshire",1
2015,"Utah",1
2017,"Florida",1
2018,"Louisiana",1
2007,"Ohio",1
2018,"Massachusetts",1
2005,"Montana",1
2019,"Utah",1
2002,"Colorado",1
2019,"Maine",1
2007,"Oregon",1
2012,"Vermont",1
2016,"Arkansas",1
2006,"Louisiana",1
2003,"New Mexico",1
2018,"Washington",1
2018,"District of Columbia",1
2021,"Massachusetts",1
2010,"West Virginia",1
2002,"Mississippi",1
2007,"Kansas",1
2009,"Wisconsin",1
2021,"Missouri",1
2022,"Wisconsin",1
2022,"Oklahoma",1
2015,"California",1
2000,"Rhode Island",1
2009,"Nebraska",1
2020,"Montana",1
2001,"Idaho",1
2010,"Pennsylvania",1
2005,"Kansas",1
2013,"District of Columbia",1
2005,"Maryland",1
2009,"Connecticut",1
2019,"Nebraska",1
2020,"New Mexico",1
2021,"South Carolina",1
2020,"Connecticut",1
2016,"Montana",1
2007,"Tennessee",1
2018,"Mississippi",1
2002,"Washington",1
2004,"Delaware",1
2008,"Oregon",1
2016,"Arizona",1
2019,"Kentucky",1
2010,"South Dakota",1
2017,"Massachusetts",1
2015,"Georgia",1
2012,"District of Columbia",1
2022,"New Hampshire",1
2016,"Kentucky",1
2001,"West Virginia",1
2017,"Ohio",1
2015,"Maine",1
2009,"Minnesota",1
2022,"Alaska",1
2018,"Idaho",1
2006,"Connecticut",1
2011,"Pennsylvania",1
2013,"Vermont",1
2022,"Nebraska",1
2001,"New Mexico",1
2000,"Nevada",1
2009,"Florida",1
2015,"Ohio",1
2016,"New Mexico",1
2001,"South Carolina",1
2014,"West Virginia",1
2021,"Minnesota",1
2019,"New York",1
2018,"Wisconsin",1
2012,"Ohio",1
2017,"Oregon",1
2017,"Tennessee",1
2017,"New York",1
2013,"Arkansas",1
2002,"Texas",1
2010,"Alabama",1
2006,"New Jersey",1
2022,"Nevada",1
2009,"Kentucky",1
2009,"Washington",1
2007,"Nebraska",1
2006,"Kentucky",1
2001,"Massachusetts",1
2008,"Wyoming",1
2012,"Kentucky",1
2015,"Maryland",1
2003,"Connecticut",1
2014,"Iowa",1
2003,"Arkansas",1
2014,"Connecticut",1
2006,"New York",1
2001,"Colorado",1
2015,"North Dakota",1
2001,"Washington",1
2018,"Minnesota",1
2021,"Maryland",1
2005,"North Carolina",1
2020,"Louisiana",1
2021,"Idaho",1
2022,"Washington",1
2011,"California",1
2000,"South Dakota",1
2016,"Delaware",1
2008,"California",1
2011,"Louisiana",1
2006,"Florida",1
2013,"Louisiana",1
2011,"Tennessee",1
2021,"Kansas",1
2017,"New Jersey",1
2000,"Tennessee",1
2017,"Delaware",1
2019,"District of Columbia",1
2013,"Pennsylvania",1
2018,"Wyoming",1
2013,"Utah",1
2016,"Alaska",1
2018,"Alaska",1
2020,"Delaware",1
2019,"Montana",1
2015,"New Jersey",1
2000,"Virginia",1
2008,"Tennessee",1
2007,"Arkansas",1
2008,"Michigan",1
2020,"Alabama",1
2011,"Connecticut",1
2015,"Wisconsin",1
2014,"Nebraska",1
2002,"Maryland",1
2021,"New Jersey",1
2013,"Delaware",1
2008,"Vermont",1
2003,"West Virginia",1
2007,"Rhode Island",1
2012,"Pennsylvania",1
2003,"Michigan",1
2019,"Mississippi",1
2008,"New Mexico",1
2017,"Indiana",1
2003,"Ohio",1
2022,"California",1
2008,"Kentucky",1
2004,"Wyoming",1
2008,"Maine",1
2019,"Oregon",1
2018,"Vermont",1
2022,"Hawaii",1
2018,"Ohio",1
2007,"Alaska",1
2014,"Louisiana",1
2021,"Mississippi",1
2002,"Alaska",1
2013,"Nevada",1
2019,"North Carolina",1
2014,"Mississippi",1
2020,"New York",1
2002,"North Carolina",1
2007,"Wisconsin",1
2009,"Massachusetts",1
2012,"Georgia",1
2021,"Indiana",1
2003,"Pennsylvania",1
2003,"Idaho",1
2007,"Nevada",1
2017,"Georgia",1
2020,"North Carolina",1
2000,"Connecticut",1
2012,"Nevada",1
2020,"Texas",1
2014,"Ohio",1
2007,"District of Columbia",1
2005,"Virginia",1
2001,"California",1
2018,"Oklahoma",1
2014,"Montana",1
2002,"Oklahoma",1
2022,"Kansas",1
2010,"Kansas",1
2015,"Illinois",1
2015,"New York",1
2009,"Alabama",1
2010,"Texas",1
2000,"Indiana",1
2018,"Oregon",1
2011,"Washington",1
2007,"Oklahoma",1
2018,"Tennessee",1
2009,"Oklahoma",1
2012,"Illinois",1
2001,"South Dakota",1
2015,"Minnesota",1
2007,"Wyoming",1
2005,"Tennessee",1
2004,"Rhode Island",1
2009,"Maryland",1
2009,"Colorado",1
2000,"Vermont",1
2011,"Colorado",1
2014,"Rhode Island",1
2012,"Connecticut",1
2003,"Rhode Island",1
2004,"Michigan",1
2019,"Vermont",1
2011,"Kansas",1
2021,"District of Columbia",1
2004,"Alaska",1
2012,"Maryland",1
2003,"Texas",1
2008,"Virginia",1
2008,"Hawaii",1
2003,"California",1
2000,"Louisiana",1
2007,"Connecticut",1
2006,"Arizona",1
2013,"Tennessee",1
2005,"New Mexico",1
2006,"New Mexico",1
2012,"Iowa",1
2021,"New Hampshire",1
2009,"North Carolina",1
2010,"Nevada",1
2000,"West Virginia",1
2019,"Louisiana",1
2006,"Indiana",1
2020,"Illinois",1
2019,"Washington",1
2015,"South Dakota",1
